Bearing_ID,Timestamp,Actual_RUL_hours,Predicted_RUL_hours
3,2003-10-22 12:44:13,826.9286111111111,802.4139517227809
3,2003-10-22 13:04:13,826.5952777777778,759.1621712166982
3,2003-10-22 13:14:13,826.4286111111111,806.9228946907074
3,2003-10-22 13:29:13,826.1786111111111,815.1866735519177
3,2003-10-22 13:59:13,825.6786111111111,815.3198589059335
3,2003-10-22 14:14:13,825.4286111111111,800.704763604965
3,2003-10-22 14:44:13,824.9286111111111,820.4666264438115
3,2003-10-22 14:49:13,824.8452777777778,809.4825352788154
3,2003-10-22 15:44:13,823.9286111111111,809.4598727726376
3,2003-10-22 15:54:13,823.7619444444445,719.643779577423
3,2003-10-22 16:04:13,823.5952777777778,807.5091994706629
3,2003-10-22 17:04:13,822.5952777777778,788.994457253432
3,2003-10-22 17:14:13,822.4286111111111,808.5517864752724
3,2003-10-22 17:44:13,821.9286111111111,813.6619845749378
3,2003-10-22 18:34:13,821.0952777777778,791.2598111628823
3,2003-10-22 18:54:13,820.7619444444445,791.8302113062518
3,2003-10-22 19:54:13,819.7619444444445,807.5318619768407
3,2003-10-22 20:04:13,819.5952777777778,531.3216079456372
3,2003-10-22 20:34:13,819.0952777777778,765.1070379859989
3,2003-10-22 21:44:13,817.9286111111111,778.4429687607985
3,2003-10-22 22:24:13,817.2619444444445,817.9935812646884
3,2003-10-22 23:54:13,815.7619444444445,767.6298971236479
3,2003-10-23 00:14:13,815.4286111111111,813.9818501732659
3,2003-10-23 00:24:13,815.2619444444445,803.2155973306119
3,2003-10-23 00:54:13,814.7619444444445,810.4422042138908
3,2003-10-23 01:34:13,814.0952777777778,792.9591628049753
3,2003-10-23 02:34:13,813.0952777777778,434.50986044555174
3,2003-10-23 04:24:13,811.2619444444445,813.5995632680912
3,2003-10-23 04:44:13,810.9286111111111,819.8798314596269
3,2003-10-23 06:24:13,809.2619444444445,444.5709234679535
3,2003-10-23 06:44:13,808.9286111111111,802.9592828925486
3,2003-10-23 07:34:13,808.0952777777778,783.9112267407771
3,2003-10-23 08:24:13,807.2619444444445,813.6304197415292
3,2003-10-23 09:14:13,806.4286111111111,814.5004029417845
3,2003-10-23 09:24:13,806.2619444444445,435.83220466363116
3,2003-10-23 09:34:13,806.0952777777778,791.3075746598029
3,2003-10-23 09:44:13,805.9286111111111,795.8569392493206
3,2003-10-29 14:39:46,657.0027777777777,620.7525131563867
3,2003-10-29 14:49:46,656.8361111111111,494.1041075062306
3,2003-10-29 16:19:46,655.3361111111111,525.3615014258829
3,2003-10-29 16:59:46,654.6694444444445,528.8804684934496
3,2003-10-29 17:39:46,654.0027777777777,479.0739669286598
3,2003-10-29 17:49:46,653.8361111111111,494.5541112497309
3,2003-10-29 18:09:46,653.5027777777777,588.409069000319
3,2003-10-29 18:29:46,653.1694444444445,332.99583784952705
3,2003-10-29 19:09:46,652.5027777777777,343.5552235738484
3,2003-10-29 19:19:46,652.3361111111111,510.81543179926183
3,2003-10-29 19:59:46,651.6694444444445,307.0853803822117
3,2003-10-29 21:19:46,650.3361111111111,621.5288441327891
3,2003-10-29 22:49:46,648.8361111111111,600.5764843893686
3,2003-10-29 23:49:46,647.8361111111111,584.9148202499699
3,2003-10-30 00:19:46,647.3361111111111,435.3757039302323
3,2003-10-30 00:49:46,646.8361111111111,450.46361719374704
3,2003-10-30 01:19:46,646.3361111111111,571.626981540553
3,2003-10-30 02:29:46,645.1694444444445,597.3535241581783
3,2003-10-30 02:49:46,644.8361111111111,648.6603270044608
3,2003-10-31 00:39:46,623.0027777777777,612.8496187499316
3,2003-10-31 00:49:46,622.8361111111111,623.461897503656
3,2003-10-31 00:59:46,622.6694444444445,187.6081642959789
3,2003-10-31 02:49:46,620.8361111111111,605.9340438315947
3,2003-10-31 03:19:46,620.3361111111111,609.3440295769968
3,2003-10-31 03:39:46,620.0027777777777,608.4238942081197
3,2003-10-31 04:49:46,618.8361111111111,462.83045393225746
3,2003-10-31 05:19:46,618.3361111111111,288.89421387219886
3,2003-10-31 05:59:46,617.6694444444445,303.7072531849866
3,2003-10-31 06:39:46,617.0027777777777,287.196210928029
3,2003-10-31 07:29:46,616.1694444444445,571.7231192194824
3,2003-10-31 08:49:46,614.8361111111111,455.36977945405005
3,2003-10-31 09:19:46,614.3361111111111,301.60958923551146
3,2003-10-31 09:29:46,614.1694444444445,376.4349989976254
3,2003-10-31 12:05:51,611.5680555555556,329.4975265536396
3,2003-10-31 12:11:44,611.47,537.5872953425679
3,2003-10-31 12:21:44,611.3033333333333,552.4824990066373
3,2003-10-31 13:31:44,610.1366666666667,512.1193290662752
3,2003-10-31 14:01:44,609.6366666666667,607.6212048396001
3,2003-10-31 14:11:44,609.47,260.1989511697255
3,2003-10-31 15:01:44,608.6366666666667,405.0919499794111
3,2003-10-31 15:11:44,608.47,555.3127768998233
3,2003-10-31 15:41:44,607.97,556.5410555604407
3,2003-10-31 16:11:44,607.47,396.2527249104631
3,2003-10-31 16:21:44,607.3033333333333,562.7945054745936
3,2003-10-31 16:51:44,606.8033333333333,582.5336325025149
3,2003-10-31 17:41:44,605.97,589.0690212274685
3,2003-10-31 18:01:44,605.6366666666667,463.0525715337325
3,2003-10-31 21:11:44,602.47,185.44338050685226
3,2003-10-31 21:41:44,601.97,236.61426856870335
3,2003-10-31 22:21:44,601.3033333333333,283.1039183516079
3,2003-10-31 23:41:44,599.97,561.3211682297926
3,2003-11-01 00:31:44,599.1366666666667,258.1280545968758
3,2003-11-01 01:21:44,598.3033333333333,444.8620073682254
3,2003-11-01 04:11:44,595.47,292.68192792964
3,2003-11-01 05:41:44,593.97,370.17376637031964
3,2003-11-01 06:41:44,592.97,558.8951442514071
3,2003-11-01 07:01:44,592.6366666666667,463.43293342807124
3,2003-11-01 07:41:44,591.97,568.1198701490961
3,2003-11-01 08:01:44,591.6366666666667,224.51458245385174
3,2003-11-01 10:41:44,588.97,279.22692448915865
3,2003-11-01 11:21:44,588.3033333333333,512.1952299867678
3,2003-11-01 11:41:44,587.97,505.0978718066996
3,2003-11-01 12:51:44,586.8033333333333,480.46582085801174
3,2003-11-01 14:51:44,584.8033333333333,450.07324333965033
3,2003-11-01 15:31:44,584.1366666666667,497.8351897591656
3,2003-11-01 15:51:44,583.8033333333333,442.96067808281134
3,2003-11-01 16:11:44,583.47,392.2827002180753
3,2003-11-01 16:41:44,582.97,184.69451422893516
3,2003-11-01 17:11:44,582.47,353.96051352167586
3,2003-11-01 19:41:44,579.97,376.24760356159265
3,2003-11-01 20:21:44,579.3033333333333,640.8616292062613
3,2003-11-01 21:01:44,578.6366666666667,352.1447300761937
3,2003-11-01 21:11:44,578.47,296.51367344152044
3,2003-11-01 21:31:44,578.1366666666667,529.9188304883314
3,2003-11-01 22:11:44,577.47,356.6832979572974
3,2003-11-01 22:51:44,576.8033333333333,590.0920858970288
3,2003-11-01 23:01:44,576.6366666666667,493.1745425141888
3,2003-11-01 23:51:44,575.8033333333333,547.1983066749915
3,2003-11-03 12:21:44,539.3033333333333,442.89668961448314
3,2003-11-03 12:51:44,538.8033333333333,495.4663510404951
3,2003-11-03 13:31:44,538.1366666666667,429.0227599527066
3,2003-11-03 14:11:44,537.47,512.9809010445593
3,2003-11-07 15:31:44,440.13666666666666,296.6394960784068
3,2003-11-07 16:41:44,438.97,352.1249510792237
3,2003-11-07 17:21:44,438.3033333333333,451.66222972518943
3,2003-11-07 18:21:44,437.3033333333333,297.592693166719
3,2003-11-07 18:51:44,436.8033333333333,328.35023271374365
3,2003-11-07 19:31:44,436.13666666666666,311.95073138207516
3,2003-11-07 20:51:44,434.8033333333333,322.9179965684505
3,2003-11-07 22:11:44,433.47,491.32136994369887
3,2003-11-08 10:31:44,421.13666666666666,444.63380580266244
3,2003-11-08 11:21:44,420.3033333333333,458.64979009640314
3,2003-11-08 11:41:44,419.97,458.2010855050861
3,2003-11-08 12:01:44,419.63666666666666,421.769481940766
3,2003-11-08 12:11:44,419.47,487.40906182889245
3,2003-11-08 12:41:44,418.97,429.5354328483536
3,2003-11-08 13:11:44,418.47,338.0913972418989
3,2003-11-08 15:21:44,416.3033333333333,422.1404007808056
3,2003-11-08 15:41:44,415.97,330.53722094559464
3,2003-11-08 15:51:44,415.8033333333333,321.83218878994757
3,2003-11-08 16:41:44,414.97,412.7350769282653
3,2003-11-08 19:21:44,412.3033333333333,391.2561342334282
3,2003-11-08 19:31:44,412.13666666666666,473.2108377986283
3,2003-11-08 20:11:44,411.47,407.8401136791417
3,2003-11-08 20:41:44,410.97,330.06932220870056
3,2003-11-08 21:31:44,410.13666666666666,495.7528673497229
3,2003-11-09 00:01:44,407.63666666666666,476.1861415072652
3,2003-11-09 01:01:44,406.63666666666666,262.2369349532459
3,2003-11-09 01:41:44,405.97,488.670188932996
3,2003-11-09 02:01:44,405.63666666666666,352.74366306539736
3,2003-11-09 02:11:44,405.47,508.7701506815482
3,2003-11-09 03:21:44,404.3033333333333,500.29058374466234
3,2003-11-09 03:31:44,404.13666666666666,497.5616968275074
3,2003-11-09 03:51:44,403.8033333333333,465.4174964443022
3,2003-11-09 05:51:44,401.8033333333333,329.5782961175335
3,2003-11-09 08:01:44,399.63666666666666,479.3389226580327
3,2003-11-09 08:20:39,399.32138888888886,292.3448606462827
3,2003-11-09 08:25:58,399.23277777777776,459.60857972272004
3,2003-11-09 10:05:58,397.5661111111111,453.36861575948234
3,2003-11-09 10:25:58,397.23277777777776,448.48402526077143
3,2003-11-09 10:35:58,397.0661111111111,337.0590379749611
3,2003-11-09 10:55:58,396.73277777777776,338.7137322604185
3,2003-11-09 12:15:58,395.3994444444445,220.25400621486813
3,2003-11-09 12:35:58,395.0661111111111,481.54737622011936
3,2003-11-09 13:25:58,394.23277777777776,359.8891772676503
3,2003-11-09 14:05:58,393.5661111111111,339.6404590508462
3,2003-11-09 14:45:58,392.8994444444445,319.8330434336518
3,2003-11-09 15:35:58,392.0661111111111,282.3868789882171
3,2003-11-09 17:35:58,390.0661111111111,490.2859704978085
3,2003-11-09 22:55:58,384.73277777777776,453.85585126543197
3,2003-11-09 23:25:58,384.23277777777776,401.56618496223746
3,2003-11-10 00:05:58,383.5661111111111,442.6267662168923
3,2003-11-10 00:45:58,382.8994444444445,266.2201046952735
3,2003-11-10 01:05:58,382.5661111111111,340.47082082445786
3,2003-11-10 01:25:58,382.23277777777776,244.08931921977018
3,2003-11-10 01:35:58,382.0661111111111,449.14551550675696
3,2003-11-10 02:15:58,381.3994444444445,435.9561715782946
3,2003-11-10 02:35:58,381.0661111111111,359.2760331621082
3,2003-11-10 02:45:58,380.8994444444445,340.3506915929043
3,2003-11-10 02:55:58,380.73277777777776,362.76683099530794
3,2003-11-10 05:55:58,377.73277777777776,440.3963739197122
3,2003-11-10 06:15:58,377.3994444444445,324.2005372330147
3,2003-11-10 07:25:58,376.23277777777776,261.5452220136713
3,2003-11-10 08:05:58,375.5661111111111,473.09178341452395
3,2003-11-10 08:15:58,375.3994444444445,297.76484188060726
3,2003-11-10 10:25:58,373.23277777777776,346.3937931456052
3,2003-11-10 10:35:58,373.0661111111111,244.2641141350056
3,2003-11-10 11:25:58,372.23277777777776,239.0971363117603
3,2003-11-10 12:35:58,371.0661111111111,392.4377249270826
3,2003-11-10 12:55:58,370.73277777777776,491.67329475939334
3,2003-11-10 13:55:58,369.73277777777776,327.92823915790694
3,2003-11-10 14:15:58,369.3994444444445,553.554978664421
3,2003-11-10 14:35:58,369.0661111111111,497.7786753311703
3,2003-11-10 15:45:58,367.8994444444445,392.60092239103403
3,2003-11-10 15:55:58,367.73277777777776,480.4668152793119
3,2003-11-14 11:02:17,276.6275,266.5865614952156
3,2003-11-14 11:42:17,275.9608333333333,215.64655147059582
3,2003-11-14 12:42:17,274.9608333333333,238.42035002798363
3,2003-11-14 13:22:17,274.2941666666667,190.58627077151365
3,2003-11-14 13:32:17,274.1275,179.20350635195348
3,2003-11-14 14:02:17,273.6275,281.51232278380354
3,2003-11-14 14:12:17,273.4608333333333,143.63257304732426
3,2003-11-14 14:42:17,272.9608333333333,216.44564689633418
3,2003-11-14 18:48:46,268.85277777777776,342.95045303369267
3,2003-11-14 20:48:46,266.85277777777776,302.12634197493605
3,2003-11-14 22:38:46,265.01944444444445,299.47583160952206
3,2003-11-14 23:18:46,264.35277777777776,192.4453868571859
3,2003-11-15 01:38:46,262.01944444444445,265.486831457775
3,2003-11-15 03:38:46,260.01944444444445,189.19763895067766
3,2003-11-15 05:08:46,258.51944444444445,375.8470223092932
3,2003-11-15 05:28:46,258.1861111111112,270.4473508442325
3,2003-11-15 05:48:46,257.85277777777776,386.20437945579584
3,2003-11-15 06:18:46,257.35277777777776,229.92528450718734
3,2003-11-15 08:08:46,255.51944444444445,112.54427500366612
3,2003-11-15 08:18:46,255.3527777777778,203.76607069005172
3,2003-11-15 08:38:46,255.01944444444445,360.33058381246644
3,2003-11-15 09:28:46,254.1861111111111,153.51488317598674
3,2003-11-15 09:48:46,253.8527777777778,214.27604329039275
3,2003-11-15 10:08:46,253.51944444444445,221.95937804964274
3,2003-11-15 10:38:46,253.01944444444445,234.1707695057613
3,2003-11-15 12:18:46,251.3527777777778,238.96230475515154
3,2003-11-15 12:38:46,251.01944444444445,271.6161163633761
3,2003-11-15 13:08:46,250.51944444444445,228.44398541120165
3,2003-11-15 13:48:46,249.8527777777778,160.42264488594162
3,2003-11-15 13:58:46,249.6861111111111,200.73218644283415
3,2003-11-15 14:28:46,249.1861111111111,444.9265437673671
3,2003-11-15 14:38:46,249.01944444444445,234.00534839167676
3,2003-11-15 14:48:46,248.8527777777778,369.1249851676793
3,2003-11-15 15:28:46,248.1861111111111,313.2315774735217
3,2003-11-15 16:38:46,247.01944444444445,318.13611383690255
3,2003-11-15 17:08:46,246.51944444444445,274.58287700566615
3,2003-11-15 17:28:46,246.1861111111111,214.37474888352497
3,2003-11-15 17:38:46,246.01944444444445,181.00850258475091
3,2003-11-15 17:48:46,245.8527777777778,306.0709855320969
3,2003-11-15 19:18:46,244.3527777777778,249.4913850381476
3,2003-11-15 20:58:46,242.6861111111111,177.11155677842214
3,2003-11-15 22:38:46,241.01944444444445,383.38980437130857
3,2003-11-15 22:58:46,240.6861111111111,219.25662186616862
3,2003-11-15 23:18:46,240.3527777777778,295.9769112012188
3,2003-11-16 00:08:46,239.51944444444445,189.72142875344585
3,2003-11-16 00:18:46,239.3527777777778,272.70672315255285
3,2003-11-16 00:38:46,239.01944444444445,311.3181107038526
3,2003-11-16 01:48:46,237.8527777777778,275.5126533939546
3,2003-11-16 05:38:46,234.01944444444445,372.6980605591426
3,2003-11-16 06:08:46,233.51944444444445,358.1268197612304
3,2003-11-16 08:08:46,231.51944444444445,186.49951063236767
3,2003-11-16 08:18:46,231.3527777777778,204.16022650528583
3,2003-11-16 08:28:46,231.1861111111111,119.71603110338853
3,2003-11-16 08:38:46,231.01944444444445,147.89409711755846
3,2003-11-16 09:38:46,230.01944444444445,239.9683908283995
3,2003-11-16 10:08:46,229.51944444444445,142.10110068700874
3,2003-11-16 10:18:46,229.3527777777778,291.2702802761466
3,2003-11-16 10:28:46,229.1861111111111,130.6474276939439
3,2003-11-16 10:38:46,229.01944444444445,234.54791352374562
3,2003-11-16 10:58:46,228.6861111111111,337.34863798434594
3,2003-11-16 11:18:46,228.3527777777778,162.21692355851877
3,2003-11-16 11:48:46,227.8527777777778,361.0766683117685
3,2003-11-16 12:18:46,227.3527777777778,406.50774264697367
3,2003-11-16 12:38:46,227.01944444444445,185.19752406191648
3,2003-11-16 12:48:46,226.8527777777778,224.66947873997833
3,2003-11-16 13:18:46,226.3527777777778,239.48081916078138
3,2003-11-16 14:38:46,225.01944444444445,187.60132397612486
3,2003-11-16 15:18:46,224.3527777777778,226.14443969541514
3,2003-11-16 15:48:46,223.8527777777778,307.84312042932146
3,2003-11-16 16:48:46,222.8527777777778,216.122583467199
3,2003-11-16 17:18:46,222.3527777777778,201.37820014193113
3,2003-11-16 18:18:46,221.3527777777778,248.47524234155978
3,2003-11-16 19:18:46,220.3527777777778,259.20832117428824
3,2003-11-16 19:48:46,219.8527777777778,395.6313192537374
3,2003-11-17 10:22:30,205.2905555555556,337.0049163644123
3,2003-11-17 11:12:30,204.4572222222222,189.02744912527191
3,2003-11-17 13:02:30,202.6238888888889,164.18080462142711
3,2003-11-17 13:22:30,202.2905555555556,151.69521644820605
3,2003-11-17 13:42:30,201.9572222222222,329.54391912101295
3,2003-11-17 13:52:30,201.7905555555556,245.35804565540724
3,2003-11-17 14:12:30,201.4572222222222,245.16208554600337
3,2003-11-17 15:52:30,199.7905555555556,82.38585470922527
3,2003-11-17 16:12:30,199.4572222222222,191.6572263561789
3,2003-11-17 18:52:30,196.7905555555556,280.8560113019375
3,2003-11-17 19:02:30,196.6238888888889,311.09238785069147
3,2003-11-17 19:42:30,195.9572222222222,206.721230701983
3,2003-11-17 20:42:30,194.9572222222222,238.29125011013656
3,2003-11-17 22:22:30,193.2905555555556,385.5552328438128
3,2003-11-17 23:02:30,192.6238888888889,467.7770397356639
3,2003-11-17 23:22:30,192.2905555555556,229.59560539966546
3,2003-11-18 00:32:30,191.1238888888889,506.03333488676634
3,2003-11-18 00:42:30,190.9572222222222,247.8452398351972
3,2003-11-18 03:32:30,188.1238888888889,450.4736591101416
3,2003-11-18 04:12:30,187.4572222222222,198.36561926396655
3,2003-11-18 05:22:30,186.2905555555556,232.7629553634546
3,2003-11-18 07:02:30,184.6238888888889,331.4582349539473
3,2003-11-18 07:12:30,184.4572222222222,178.6372928150174
3,2003-11-18 07:52:30,183.7905555555556,313.24050594051334
3,2003-11-18 09:12:30,182.4572222222222,191.41049047052581
3,2003-11-18 09:52:30,181.7905555555556,226.843415612518
3,2003-11-18 12:02:30,179.6238888888889,252.87117615148983
3,2003-11-18 12:22:30,179.29055555555556,329.70939750505795
3,2003-11-18 13:02:30,178.6238888888889,448.20446481793715
3,2003-11-18 13:12:30,178.4572222222222,214.06594502798634
3,2003-11-18 14:32:30,177.1238888888889,126.27042203526135
3,2003-11-18 15:32:30,176.1238888888889,207.59643196497663
3,2003-11-18 15:42:30,175.9572222222222,128.80448653997405
3,2003-11-18 16:42:30,174.9572222222222,189.718606382572
3,2003-11-18 17:02:30,174.6238888888889,227.23898784168344
3,2003-11-18 18:02:30,173.6238888888889,306.48442260254757
3,2003-11-18 19:12:30,172.4572222222222,335.3189921128054
3,2003-11-19 09:12:30,158.4572222222222,179.3125638249442
3,2003-11-19 09:22:30,158.29055555555556,154.64039852977706
3,2003-11-19 11:04:17,156.59416666666667,184.91656550657498
3,2003-11-19 11:56:07,155.7302777777778,279.1524036865003
3,2003-11-19 12:56:07,154.7302777777778,190.85583545094096
3,2003-11-19 13:36:07,154.0636111111111,161.77793367952887
3,2003-11-19 13:56:07,153.7302777777778,425.7237077665673
3,2003-11-19 14:06:07,153.5636111111111,296.156193114031
3,2003-11-19 15:46:07,151.89694444444444,223.33996881391474
3,2003-11-19 16:56:07,150.7302777777778,181.61505654362242
3,2003-11-19 17:16:07,150.39694444444444,429.20010938485274
3,2003-11-19 17:26:07,150.2302777777778,188.24282170217523
3,2003-11-19 17:46:07,149.89694444444444,176.27846212320446
3,2003-11-19 17:56:07,149.7302777777778,283.88617262803075
3,2003-11-19 18:16:07,149.39694444444444,515.9041820778438
3,2003-11-19 19:06:07,148.5636111111111,205.82623452481124
3,2003-11-19 19:16:07,148.39694444444444,219.37055514824482
3,2003-11-19 20:46:07,146.89694444444444,500.2207768178439
3,2003-11-19 21:06:07,146.5636111111111,230.55472973990996
3,2003-11-19 21:36:07,146.0636111111111,287.1797142029988
3,2003-11-19 22:06:07,145.5636111111111,187.8566692881086
3,2003-11-20 12:14:03,131.43138888888888,175.50625672910164
3,2003-11-20 12:19:03,131.34805555555556,93.07258314526995
3,2003-11-20 12:29:03,131.18138888888888,227.69715673289372
3,2003-11-20 13:04:03,130.59805555555556,162.82895120984412
3,2003-11-20 13:59:03,129.68138888888888,221.11794784187228
3,2003-11-20 14:14:03,129.43138888888888,151.09195773317188
3,2003-11-20 14:19:03,129.34805555555556,190.31121363538642
3,2003-11-20 14:29:03,129.18138888888888,193.31395465716255
3,2003-11-20 14:59:03,128.68138888888888,194.49647270315768
3,2003-11-20 15:29:03,128.18138888888888,233.9530203253643
3,2003-11-20 15:44:03,127.93138888888888,193.92615529015654
3,2003-11-20 16:04:03,127.59805555555556,216.3323066525904
3,2003-11-20 16:29:03,127.18138888888888,181.96154807199113
3,2003-11-20 17:44:03,125.93138888888888,147.57709679629198
3,2003-11-20 17:54:03,125.76472222222222,189.0664064429762
3,2003-11-20 18:24:03,125.26472222222222,145.78403028276077
3,2003-11-20 18:59:03,124.68138888888888,276.9047485796872
3,2003-11-20 19:24:03,124.26472222222222,183.33206969411566
3,2003-11-20 19:34:03,124.09805555555556,249.1220448754072
3,2003-11-20 19:44:03,123.93138888888888,200.532478493717
3,2003-11-20 20:19:03,123.34805555555556,183.96127241527535
3,2003-11-20 20:24:03,123.26472222222222,166.0494208202988
3,2003-11-20 20:29:03,123.18138888888888,260.64191709172496
3,2003-11-20 20:34:03,123.09805555555556,461.52088326075625
3,2003-11-20 23:54:03,119.76472222222222,240.20205922910444
3,2003-11-21 00:14:03,119.43138888888888,536.391048122968
3,2003-11-21 00:34:03,119.09805555555556,221.11794784187228
3,2003-11-21 00:44:03,118.93138888888888,262.4408785413056
3,2003-11-21 01:44:03,117.93138888888888,176.32294802077627
3,2003-11-21 04:04:03,115.59805555555556,186.82069200422865
3,2003-11-21 04:14:03,115.43138888888888,176.76768219224869
3,2003-11-21 05:04:03,114.59805555555556,184.427016542326
3,2003-11-21 06:04:03,113.59805555555556,440.5553701019728
3,2003-11-21 06:44:03,112.93138888888888,172.9165043711321
3,2003-11-21 07:04:03,112.59805555555556,263.0814299739053
3,2003-11-21 10:58:36,108.68888888888888,205.90905703072156
3,2003-11-21 17:26:56,102.21666666666668,171.71619110544142
3,2003-11-21 18:46:56,100.88333333333334,187.03004834454163
3,2003-11-21 18:56:56,100.71666666666668,95.97403875301593
3,2003-11-21 20:46:56,98.88333333333334,121.60854713130385
3,2003-11-21 21:16:56,98.38333333333334,186.20808484495464
3,2003-11-21 21:26:56,98.21666666666668,158.35522586532971
3,2003-11-21 21:46:56,97.88333333333334,92.36731848632431
3,2003-11-21 23:06:56,96.55,152.35462683513146
3,2003-11-21 23:16:56,96.38333333333334,88.2945587606167
3,2003-11-21 23:26:56,96.21666666666668,88.09505516133277
3,2003-11-21 23:46:56,95.88333333333334,151.36471078512878
3,2003-11-22 00:56:56,94.71666666666668,118.68176763181556
3,2003-11-22 01:06:56,94.55,96.34117830153363
3,2003-11-22 01:16:56,94.38333333333334,110.75966354705535
3,2003-11-22 02:16:56,93.38333333333334,142.45344640360142
3,2003-11-22 05:16:56,90.38333333333334,152.90149075889647
3,2003-11-22 06:56:56,88.71666666666667,121.10718445389492
3,2003-11-22 07:26:56,88.21666666666667,122.68231967432679
3,2003-11-22 07:36:56,88.05,148.96810692683172
3,2003-11-22 08:16:56,87.38333333333334,137.91784685498453
3,2003-11-22 08:26:56,87.21666666666667,249.44610252541466
3,2003-11-22 08:46:56,86.88333333333334,139.35659490733227
3,2003-11-22 09:06:56,86.55,122.06315416826727
3,2003-11-22 09:16:56,86.38333333333334,132.47906695291147
3,2003-11-22 09:56:56,85.71666666666667,118.20444747816596
3,2003-11-22 13:16:56,82.38333333333334,101.13854275767197
3,2003-11-22 13:36:56,82.05,96.65158866128435
3,2003-11-22 14:26:56,81.21666666666667,67.604937599593
3,2003-11-22 15:56:56,79.71666666666667,62.781666410154656
3,2003-11-22 16:26:56,79.21666666666667,61.092183578520675
3,2003-11-22 18:06:56,77.55,62.87822227654348
3,2003-11-22 18:46:56,76.88333333333334,62.781666410154656
3,2003-11-23 00:26:56,71.21666666666667,62.27847279358929
3,2003-11-23 01:46:56,69.88333333333334,62.27847279358929
3,2003-11-23 02:46:56,68.88333333333334,62.13655615936912
3,2003-11-23 03:06:56,68.55,62.27847279358929
3,2003-11-23 04:06:56,67.55,62.593254927023175
3,2003-11-23 05:26:56,66.21666666666667,64.74581512211323
3,2003-11-23 05:46:56,65.88333333333334,63.7029525142319
3,2003-11-23 05:56:56,65.71666666666667,62.27847279358929
3,2003-11-23 06:06:56,65.55,61.55738908205926
3,2003-11-23 06:46:56,64.88333333333334,77.51840367871033
3,2003-11-23 07:16:56,64.38333333333334,66.08094808833546
3,2003-11-23 07:36:56,64.05,73.39673379243382
3,2003-11-23 08:06:56,63.55,60.00045504584595
3,2003-11-23 08:56:56,62.71666666666667,61.40696571195455
3,2003-11-23 09:56:56,61.71666666666667,61.40696571195455
3,2003-11-23 12:36:56,59.05,87.41136987223462
3,2003-11-23 13:16:56,58.38333333333333,72.7525599432954
3,2003-11-23 13:56:56,57.71666666666667,61.40696571195455
3,2003-11-23 14:26:56,57.21666666666667,62.593254927023175
3,2003-11-23 16:26:56,55.21666666666667,87.73589043636532
3,2003-11-23 17:06:56,54.55,84.58405975121958
3,2003-11-23 17:26:56,54.21666666666667,62.593254927023175
3,2003-11-23 17:36:56,54.05,61.40696571195455
3,2003-11-23 20:21:24,51.30888888888889,87.75951107111491
3,2003-11-23 20:31:24,51.14222222222222,83.13401090546141
3,2003-11-23 23:11:24,48.47555555555556,64.74581512211323
3,2003-11-23 23:41:24,47.97555555555556,78.36470065863321
3,2003-11-23 23:51:24,47.80888888888889,64.89192838428825
3,2003-11-24 01:51:24,45.80888888888889,60.00045504584595
3,2003-11-24 04:51:24,42.80888888888889,61.10876995219255
3,2003-11-24 05:01:24,42.64222222222222,58.980659749790966
3,2003-11-24 05:21:24,42.30888888888889,60.70587146269406
3,2003-11-24 06:21:24,41.30888888888889,62.443902918414786
3,2003-11-24 06:51:24,40.80888888888889,62.443902918414786
3,2003-11-24 10:02:30,37.62388888888889,62.443902918414786
3,2003-11-24 13:07:32,34.54,62.443902918414786
3,2003-11-24 14:07:32,33.54,69.16199403775275
3,2003-11-24 15:27:32,32.20666666666666,62.443902918414786
3,2003-11-24 16:27:32,31.206666666666667,60.45448690582486
3,2003-11-24 17:17:32,30.37333333333333,61.25761370334617
3,2003-11-24 18:07:32,29.54,61.39465537536705
3,2003-11-24 19:47:32,27.87333333333333,48.516460347708005
3,2003-11-24 20:07:32,27.54,59.856536384307546
3,2003-11-24 22:47:32,24.87333333333333,51.885063310074855
3,2003-11-24 23:17:32,24.37333333333333,52.25513758353303
3,2003-11-25 12:07:32,11.54,18.09885548588741
3,2003-11-25 12:37:32,11.04,19.975628414621507
3,2003-11-25 23:19:56,0.3333333333333333,16.064300589195128
3,2003-11-25 23:39:56,0.0,15.795520865930623
4,2003-10-22 12:59:13,826.6786111111111,796.992876278092
4,2003-10-22 13:14:13,826.4286111111111,867.7756096307072
4,2003-10-22 14:09:13,825.5119444444445,858.8105237160602
4,2003-10-22 14:29:13,825.1786111111111,827.5108148232157
4,2003-10-22 14:34:13,825.0952777777778,916.025553073268
4,2003-10-22 14:59:13,824.6786111111111,867.1400204460458
4,2003-10-22 15:19:13,824.3452777777778,885.2668072811987
4,2003-10-22 15:24:13,824.2619444444445,864.1690854361466
4,2003-10-22 17:14:13,822.4286111111111,802.9894588245344
4,2003-10-22 17:24:13,822.2619444444445,893.0144803599097
4,2003-10-22 17:34:13,822.0952777777778,825.5707304005235
4,2003-10-22 18:14:13,821.4286111111111,790.1677079649008
4,2003-10-22 19:54:13,819.7619444444445,802.810542279934
4,2003-10-22 21:44:13,817.9286111111111,791.2007172309376
4,2003-10-22 22:04:13,817.5952777777778,818.6376769054488
4,2003-10-22 22:44:13,816.9286111111111,771.4257836285672
4,2003-10-22 23:54:13,815.7619444444445,777.3380923873946
4,2003-10-23 01:24:13,814.2619444444445,772.4306438766987
4,2003-10-23 03:14:13,812.4286111111111,814.6218154174671
4,2003-10-23 04:04:13,811.5952777777778,789.9785777263403
4,2003-10-23 06:14:13,809.4286111111111,781.5501074279333
4,2003-10-23 06:34:13,809.0952777777778,787.2190814911047
4,2003-10-23 07:04:13,808.5952777777778,808.9852173155768
4,2003-10-23 08:04:13,807.5952777777778,817.639955890262
4,2003-10-29 15:19:46,656.3361111111111,555.897399950965
4,2003-10-29 15:39:46,656.0027777777777,655.876616530088
4,2003-10-29 16:09:46,655.5027777777777,602.9762673491671
4,2003-10-29 18:09:46,653.5027777777777,576.7694935688619
4,2003-10-29 18:19:46,653.3361111111111,540.441212680677
4,2003-10-29 19:09:46,652.5027777777777,564.6114143219579
4,2003-10-29 19:19:46,652.3361111111111,602.0956510046948
4,2003-10-29 19:39:46,652.0027777777777,432.5823103371632
4,2003-10-29 19:59:46,651.6694444444445,438.14948819639665
4,2003-10-29 20:19:46,651.3361111111111,424.8568290024661
4,2003-10-29 20:29:46,651.1694444444445,495.2987349494323
4,2003-10-29 20:39:46,651.0027777777777,411.9952522300979
4,2003-10-29 22:09:46,649.5027777777777,421.26584960079856
4,2003-10-29 22:29:46,649.1694444444445,542.2900943966681
4,2003-10-29 23:19:46,648.3361111111111,487.82094340995974
4,2003-10-30 00:09:46,647.5027777777777,436.3273758120067
4,2003-10-30 00:59:46,646.6694444444445,421.6521753697972
4,2003-10-30 01:59:46,645.6694444444445,384.67118622553124
4,2003-10-30 02:09:46,645.5027777777777,379.4783481105302
4,2003-10-31 01:19:46,622.3361111111111,596.6204609108504
4,2003-10-31 01:49:46,621.8361111111111,583.9310206955446
4,2003-10-31 02:49:46,620.8361111111111,615.6642741342968
4,2003-10-31 03:29:46,620.1694444444445,613.3738784813636
4,2003-10-31 03:49:46,619.8361111111111,606.166497236774
4,2003-10-31 04:09:46,619.5027777777777,498.3980090266757
4,2003-10-31 04:19:46,619.3361111111111,593.1130847580454
4,2003-10-31 04:29:46,619.1694444444445,538.7335673833699
4,2003-10-31 04:59:46,618.6694444444445,610.5040679794754
4,2003-10-31 05:49:46,617.8361111111111,506.5758168005264
4,2003-10-31 05:59:46,617.6694444444445,579.1268145646159
4,2003-10-31 06:29:46,617.1694444444445,557.6067172898281
4,2003-10-31 07:49:46,615.8361111111111,609.4526372146511
4,2003-10-31 08:19:46,615.3361111111111,612.2195707617742
4,2003-10-31 08:29:46,615.1694444444445,564.9010424314348
4,2003-10-31 08:39:46,615.0027777777777,616.7945573993541
4,2003-10-31 09:59:46,613.6694444444445,537.9955432608227
4,2003-10-31 12:05:51,611.5680555555556,614.96256200742
4,2003-10-31 12:41:44,610.97,590.9023561311506
4,2003-10-31 13:21:44,610.3033333333333,579.1432330753554
4,2003-10-31 13:41:44,609.97,612.0040800571535
4,2003-10-31 15:01:44,608.6366666666667,561.1905549432224
4,2003-10-31 16:21:44,607.3033333333333,547.7879469044742
4,2003-10-31 17:51:44,605.8033333333333,586.7195242101735
4,2003-10-31 18:01:44,605.6366666666667,546.4907851576686
4,2003-10-31 19:21:44,604.3033333333333,600.1381285102894
4,2003-10-31 20:01:44,603.6366666666667,607.2192621943384
4,2003-10-31 20:11:44,603.47,523.1500559269616
4,2003-10-31 20:31:44,603.1366666666667,592.5865711638677
4,2003-10-31 20:51:44,602.8033333333333,613.793156706987
4,2003-10-31 22:31:44,601.1366666666667,469.45199800873627
4,2003-10-31 23:41:44,599.97,576.001274688483
4,2003-11-01 00:11:44,599.47,564.9008975674211
4,2003-11-01 00:21:44,599.3033333333333,587.7924350007916
4,2003-11-01 01:31:44,598.1366666666667,587.4516263110738
4,2003-11-01 01:41:44,597.97,518.3699179696779
4,2003-11-01 02:41:44,596.97,596.5057033327619
4,2003-11-01 03:51:44,595.8033333333333,472.2802215595564
4,2003-11-01 04:41:44,594.97,520.3844808654978
4,2003-11-01 05:01:44,594.6366666666667,484.23035281878794
4,2003-11-01 06:21:44,593.3033333333333,576.6764008094192
4,2003-11-01 07:01:44,592.6366666666667,610.4386775841626
4,2003-11-01 07:11:44,592.47,431.4249915011041
4,2003-11-01 07:41:44,591.97,582.8812331030254
4,2003-11-01 08:41:44,590.97,575.9118545876842
4,2003-11-01 09:11:44,590.47,497.6210810329343
4,2003-11-01 09:21:44,590.3033333333333,587.9482644337725
4,2003-11-01 10:21:44,589.3033333333333,612.9114651944794
4,2003-11-01 10:51:44,588.8033333333333,581.7794982207382
4,2003-11-01 11:11:44,588.47,479.9486077589005
4,2003-11-01 11:41:44,587.97,419.06050598368904
4,2003-11-01 13:01:44,586.6366666666667,539.5361881981974
4,2003-11-01 13:41:44,585.97,578.1544635642732
4,2003-11-01 14:11:44,585.47,491.5811405789439
4,2003-11-01 14:21:44,585.3033333333333,596.1200126980731
4,2003-11-01 15:11:44,584.47,621.5266111944791
4,2003-11-01 15:41:44,583.97,442.02442713963507
4,2003-11-01 16:31:44,583.1366666666667,556.226140966067
4,2003-11-01 17:21:44,582.3033333333333,415.9370294720442
4,2003-11-01 19:01:44,580.6366666666667,579.9918431255682
4,2003-11-01 21:31:44,578.1366666666667,497.9570899948796
4,2003-11-01 21:41:44,577.97,579.6699761369293
4,2003-11-01 21:51:44,577.8033333333333,491.8907038126346
4,2003-11-01 22:01:44,577.6366666666667,594.0363560375879
4,2003-11-01 22:51:44,576.8033333333333,591.0207919137114
4,2003-11-01 23:21:44,576.3033333333333,588.4644829866625
4,2003-11-01 23:41:44,575.97,530.5916904572438
4,2003-11-03 10:31:44,541.1366666666667,589.2207248275748
4,2003-11-03 10:41:44,540.97,622.8794515759663
4,2003-11-03 11:11:44,540.47,587.9041487492915
4,2003-11-03 11:31:44,540.1366666666667,583.9310206955446
4,2003-11-03 11:51:44,539.8033333333333,565.1430582642081
4,2003-11-03 12:11:44,539.47,575.4227582055706
4,2003-11-03 12:41:44,538.97,575.3125697129817
4,2003-11-03 13:41:44,537.97,544.214230138099
4,2003-11-03 14:11:44,537.47,568.4440776604688
4,2003-11-07 14:51:44,440.8033333333333,486.6401298455248
4,2003-11-07 15:01:44,440.63666666666666,434.81797964316945
4,2003-11-07 15:11:44,440.47,463.26708276876394
4,2003-11-07 15:31:44,440.13666666666666,438.3842146282616
4,2003-11-07 16:41:44,438.97,393.21992052375816
4,2003-11-07 18:11:44,437.47,420.86375095142256
4,2003-11-07 18:51:44,436.8033333333333,498.5406096013097
4,2003-11-07 19:41:44,435.97,389.7734000218892
4,2003-11-07 22:21:44,433.3033333333333,315.1623843428404
4,2003-11-07 22:41:44,432.97,510.6793864599614
4,2003-11-08 11:11:44,420.47,353.0501707122821
4,2003-11-08 12:11:44,419.47,370.9066927470215
4,2003-11-08 12:31:44,419.13666666666666,480.74801672342454
4,2003-11-08 12:41:44,418.97,372.11215944195453
4,2003-11-08 12:51:44,418.8033333333333,471.7464818544158
4,2003-11-08 13:31:44,418.13666666666666,338.41007013965594
4,2003-11-08 13:41:44,417.97,464.11174205270197
4,2003-11-08 17:31:44,414.13666666666666,498.0253782588606
4,2003-11-08 19:41:44,411.97,336.97914460443735
4,2003-11-08 20:21:44,411.3033333333333,322.56459936017825
4,2003-11-08 21:41:44,409.97,311.6151920999814
4,2003-11-08 22:31:44,409.13666666666666,416.4102168432419
4,2003-11-08 23:01:44,408.63666666666666,451.54237601596014
4,2003-11-08 23:11:44,408.47,337.4593118537733
4,2003-11-08 23:21:44,408.3033333333333,404.2887705381272
4,2003-11-08 23:31:44,408.13666666666666,296.98402603438194
4,2003-11-08 23:51:44,407.8033333333333,254.86170659047687
4,2003-11-09 00:11:44,407.47,359.6067915221666
4,2003-11-09 00:41:44,406.97,330.5761179536349
4,2003-11-09 01:31:44,406.13666666666666,349.94747205957634
4,2003-11-09 02:51:44,404.8033333333333,346.15473914670304
4,2003-11-09 05:01:44,402.63666666666666,363.43999226642876
4,2003-11-09 06:11:44,401.47,404.1110168357685
4,2003-11-09 06:31:44,401.13666666666666,393.18212426112353
4,2003-11-09 07:51:44,399.8033333333333,414.47338013744667
4,2003-11-09 08:20:39,399.32138888888886,297.29851589345094
4,2003-11-09 08:55:58,398.73277777777776,374.0092538164731
4,2003-11-09 10:05:58,397.5661111111111,379.9629493657219
4,2003-11-09 13:05:58,394.5661111111111,490.1878407357217
4,2003-11-09 13:45:58,393.8994444444445,469.1192891864071
4,2003-11-09 14:45:58,392.8994444444445,423.435231147077
4,2003-11-09 14:55:58,392.73277777777776,391.7250764555062
4,2003-11-09 15:15:58,392.3994444444445,525.1019097717383
4,2003-11-09 15:55:58,391.73277777777776,501.8220139455013
4,2003-11-09 16:15:58,391.3994444444445,361.0148321291693
4,2003-11-09 16:45:58,390.8994444444445,408.0753806793875
4,2003-11-09 17:05:58,390.5661111111111,367.4992569033432
4,2003-11-09 17:55:58,389.73277777777776,352.3038243482036
4,2003-11-09 18:15:58,389.3994444444445,317.72573964960765
4,2003-11-09 22:02:15,385.62805555555553,362.1350334658064
4,2003-11-09 22:25:58,385.23277777777776,454.303110110297
4,2003-11-09 22:55:58,384.73277777777776,344.8782765434361
4,2003-11-09 23:45:58,383.8994444444445,322.90737689344724
4,2003-11-10 00:25:58,383.23277777777776,402.7851569870683
4,2003-11-10 00:35:58,383.0661111111111,300.8012159941902
4,2003-11-10 06:15:58,377.3994444444445,434.5980405076458
4,2003-11-10 06:25:58,377.23277777777776,342.8332515046445
4,2003-11-10 06:45:58,376.8994444444445,314.12092006867636
4,2003-11-10 07:05:58,376.5661111111111,385.05480456714554
4,2003-11-10 08:05:58,375.5661111111111,364.1505671506619
4,2003-11-10 08:25:58,375.23277777777776,411.91121215553704
4,2003-11-10 09:35:58,374.0661111111111,358.7930650572597
4,2003-11-10 09:45:58,373.8994444444445,344.890398430285
4,2003-11-10 10:35:58,373.0661111111111,319.4658556597287
4,2003-11-10 12:35:58,371.0661111111111,413.93246485265234
4,2003-11-10 13:45:58,369.8994444444445,309.0432081817231
4,2003-11-10 14:15:58,369.3994444444445,361.5295712179276
4,2003-11-10 14:45:58,368.8994444444445,379.5361228321838
4,2003-11-10 15:25:58,368.23277777777776,310.61538836163146
4,2003-11-14 11:02:17,276.6275,420.7203454990234
4,2003-11-14 13:52:17,273.7941666666667,292.774487403054
4,2003-11-14 14:42:17,272.9608333333333,271.15183876594136
4,2003-11-14 15:12:17,272.4608333333333,359.0147054714044
4,2003-11-14 16:02:17,271.6275,262.20772813521245
4,2003-11-14 16:52:17,270.7941666666667,286.10859005225285
4,2003-11-14 17:02:17,270.6275,288.3208395633459
4,2003-11-14 17:58:46,269.6861111111112,277.3700550194288
4,2003-11-14 18:28:46,269.1861111111112,261.95065499783743
4,2003-11-14 19:08:46,268.51944444444445,352.5438233589731
4,2003-11-14 19:38:46,268.01944444444445,285.4795830620414
4,2003-11-14 20:48:46,266.85277777777776,368.2285381117091
4,2003-11-14 20:58:46,266.6861111111112,258.10761312755017
4,2003-11-14 21:28:46,266.1861111111112,249.053826038438
4,2003-11-14 21:48:46,265.85277777777776,352.0593841483585
4,2003-11-14 21:58:46,265.6861111111112,270.5661523353985
4,2003-11-14 22:18:46,265.35277777777776,281.2020495392545
4,2003-11-15 02:08:46,261.51944444444445,587.5127327402605
4,2003-11-15 02:18:46,261.35277777777776,599.7863905174526
4,2003-11-15 04:18:46,259.35277777777776,312.3353380190754
4,2003-11-15 04:48:46,258.85277777777776,274.51071386797275
4,2003-11-15 05:08:46,258.51944444444445,362.5103753073874
4,2003-11-15 06:08:46,257.51944444444445,254.44452413403855
4,2003-11-15 06:18:46,257.35277777777776,318.847757176617
4,2003-11-15 07:18:46,256.35277777777776,250.6244123139396
4,2003-11-15 09:38:46,254.01944444444445,346.5900030118394
4,2003-11-15 10:08:46,253.51944444444445,307.94167183279814
4,2003-11-15 10:28:46,253.1861111111111,292.99127313890017
4,2003-11-15 10:38:46,253.01944444444445,549.2487012425382
4,2003-11-15 12:28:46,251.1861111111111,285.3005458492576
4,2003-11-15 13:58:46,249.6861111111111,272.1510980787108
4,2003-11-15 14:18:46,249.3527777777778,274.94685434655776
4,2003-11-15 14:58:46,248.6861111111111,275.1117717962956
4,2003-11-15 15:38:46,248.01944444444445,285.0135083151674
4,2003-11-15 16:38:46,247.01944444444445,248.31032706619186
4,2003-11-15 16:48:46,246.8527777777778,262.42777756855105
4,2003-11-15 17:28:46,246.1861111111111,276.4205656690342
4,2003-11-15 20:38:46,243.01944444444445,285.3033148461161
4,2003-11-15 21:58:46,241.6861111111111,240.04913889001273
4,2003-11-15 22:38:46,241.01944444444445,257.0045633839903
4,2003-11-15 23:28:46,240.1861111111111,306.0457932017457
4,2003-11-16 00:08:46,239.51944444444445,266.5424130901552
4,2003-11-16 00:18:46,239.3527777777778,314.18323637692515
4,2003-11-16 04:38:46,235.01944444444445,238.08995428327825
4,2003-11-16 04:48:46,234.8527777777778,316.3939686189905
4,2003-11-16 05:18:46,234.3527777777778,224.48004598579647
4,2003-11-16 05:48:46,233.8527777777778,258.3651635741014
4,2003-11-16 13:08:46,226.51944444444445,267.21638818917637
4,2003-11-16 13:58:46,225.6861111111111,270.69098047133946
4,2003-11-16 15:58:46,223.6861111111111,257.507139948806
4,2003-11-16 16:08:46,223.51944444444445,269.57477975391214
4,2003-11-16 16:58:46,222.6861111111111,244.8805671843678
4,2003-11-16 17:18:46,222.3527777777778,536.1682458946599
4,2003-11-16 18:28:46,221.1861111111111,295.0166716681237
4,2003-11-16 18:48:46,220.8527777777778,253.94263082645028
4,2003-11-16 19:08:46,220.51944444444445,524.1173921319496
4,2003-11-16 19:18:46,220.3527777777778,318.3775547041609
4,2003-11-16 20:18:46,219.3527777777778,266.32567503020766
4,2003-11-17 10:22:30,205.2905555555556,258.1318389832376
4,2003-11-17 13:02:30,202.6238888888889,215.5010481621174
4,2003-11-17 14:32:30,201.1238888888889,189.08536292220342
4,2003-11-17 17:02:30,198.6238888888889,320.01712974607494
4,2003-11-17 17:52:30,197.7905555555556,201.91145175021865
4,2003-11-17 18:22:30,197.2905555555556,266.4187815833294
4,2003-11-17 18:32:30,197.1238888888889,266.6135028915202
4,2003-11-17 20:32:30,195.1238888888889,197.42241692994304
4,2003-11-17 21:52:30,193.7905555555556,380.9511200859926
4,2003-11-17 22:02:30,193.6238888888889,236.94109357517831
4,2003-11-17 23:22:30,192.2905555555556,205.62777969066772
4,2003-11-18 02:32:30,189.1238888888889,234.3281520763383
4,2003-11-18 03:32:30,188.1238888888889,200.8541830006061
4,2003-11-18 04:32:30,187.1238888888889,203.75170811389646
4,2003-11-18 06:42:30,184.9572222222222,205.22861090107347
4,2003-11-18 06:52:30,184.7905555555556,243.16670529658492
4,2003-11-18 07:12:30,184.4572222222222,231.18770384384496
4,2003-11-18 07:22:30,184.2905555555556,215.46583143419318
4,2003-11-18 07:32:30,184.1238888888889,240.27419117879478
4,2003-11-18 09:22:30,182.2905555555556,194.3568774945808
4,2003-11-18 09:32:30,182.1238888888889,198.09685121739946
4,2003-11-18 10:02:30,181.6238888888889,211.0517847989561
4,2003-11-18 10:12:30,181.4572222222222,202.91110649793856
4,2003-11-18 10:22:30,181.2905555555556,289.9397891356975
4,2003-11-18 11:02:30,180.6238888888889,220.80886800412904
4,2003-11-18 11:12:30,180.4572222222222,207.45705119784165
4,2003-11-18 12:42:30,178.9572222222222,204.2861944431259
4,2003-11-18 14:02:30,177.6238888888889,237.6728931661706
4,2003-11-18 14:32:30,177.1238888888889,230.83977614583952
4,2003-11-18 18:32:30,173.1238888888889,204.6881849043874
4,2003-11-18 19:12:30,172.4572222222222,199.36914707430248
4,2003-11-19 11:04:17,156.59416666666667,155.97152575572323
4,2003-11-19 11:06:07,156.5636111111111,135.06190255776335
4,2003-11-19 11:26:07,156.2302777777778,157.37803642183187
4,2003-11-19 12:26:07,155.2302777777778,139.11102060780527
4,2003-11-19 13:46:07,153.89694444444444,156.82629418117975
4,2003-11-19 14:06:07,153.5636111111111,212.77486050335196
4,2003-11-19 16:06:07,151.5636111111111,155.16817998018178
4,2003-11-19 16:16:07,151.39694444444444,161.65765721516718
4,2003-11-19 16:46:07,150.89694444444444,285.7409578605932
4,2003-11-19 18:26:07,149.2302777777778,155.20853805272887
4,2003-11-19 20:06:07,147.5636111111111,155.20853805272887
4,2003-11-19 20:56:07,146.7302777777778,174.58952396961186
4,2003-11-19 21:06:07,146.5636111111111,154.34769737430494
4,2003-11-19 22:16:07,145.39694444444444,155.20853805272887
4,2003-11-20 12:44:03,130.93138888888888,96.87974924064638
4,2003-11-20 12:59:03,130.68138888888888,137.7400946752081
4,2003-11-20 13:39:03,130.01472222222222,133.720259756689
4,2003-11-20 13:54:03,129.76472222222222,183.07344263179226
4,2003-11-20 13:59:03,129.68138888888888,140.52263149576046
4,2003-11-20 14:04:03,129.59805555555556,129.8625275531197
4,2003-11-20 14:19:03,129.34805555555556,195.28667083748368
4,2003-11-20 14:49:03,128.84805555555556,104.96803153034537
4,2003-11-20 14:59:03,128.68138888888888,97.29275416048702
4,2003-11-20 15:04:03,128.59805555555556,135.62703770356458
4,2003-11-20 15:24:03,128.26472222222222,134.55634698034225
4,2003-11-20 15:34:03,128.09805555555556,133.85730142870983
4,2003-11-20 15:59:03,127.68138888888888,120.49396786810016
4,2003-11-20 17:04:03,126.59805555555556,138.7040241636195
4,2003-11-20 17:14:03,126.43138888888888,158.96782375689503
4,2003-11-20 17:39:03,126.01472222222222,172.2290175432829
4,2003-11-20 17:44:03,125.93138888888888,187.99579299357995
4,2003-11-20 18:19:03,125.34805555555556,134.77226927810807
4,2003-11-20 18:34:03,125.09805555555556,134.77226927810807
4,2003-11-20 19:24:03,124.26472222222222,134.6046462076958
4,2003-11-20 19:59:03,123.68138888888888,123.18030620018028
4,2003-11-20 20:04:03,123.59805555555556,186.32500687908274
4,2003-11-20 20:19:03,123.34805555555556,134.5989042447589
4,2003-11-20 20:34:03,123.09805555555556,145.53419123051953
4,2003-11-20 23:44:03,119.93138888888888,108.3764164384815
4,2003-11-21 01:14:03,118.43138888888888,145.27741040321115
4,2003-11-21 01:54:03,117.76472222222222,104.18140225774397
4,2003-11-21 02:44:03,116.93138888888888,163.59902951477622
4,2003-11-21 02:54:03,116.76472222222222,184.68034960297842
4,2003-11-21 03:44:03,115.93138888888888,164.22900203275444
4,2003-11-21 04:24:03,115.26472222222222,160.87960414617595
4,2003-11-21 04:54:03,114.76472222222222,143.14205133479956
4,2003-11-21 06:14:03,113.43138888888888,159.19936504033151
4,2003-11-21 07:54:03,111.76472222222222,192.51735058255
4,2003-11-21 10:48:36,108.85555555555555,62.593254927023175
4,2003-11-21 12:18:36,107.35555555555555,64.74581512211323
4,2003-11-21 12:58:36,106.68888888888888,62.216321321109135
4,2003-11-21 18:46:56,100.88333333333334,62.593254927023175
4,2003-11-21 18:56:56,100.71666666666668,64.67443742222686
4,2003-11-21 19:16:56,100.38333333333334,61.186744260914566
4,2003-11-21 21:06:56,98.55,60.00045504584595
4,2003-11-21 21:36:56,98.05,64.67443742222686
4,2003-11-21 21:46:56,97.88333333333334,66.27033593273237
4,2003-11-21 23:26:56,96.21666666666668,71.10542086502153
4,2003-11-21 23:46:56,95.88333333333334,61.10876995219255
4,2003-11-21 23:56:56,95.71666666666668,67.67684659884094
4,2003-11-22 00:56:56,94.71666666666668,71.1767985649079
4,2003-11-22 01:26:56,94.21666666666668,69.16199403775275
4,2003-11-22 02:36:56,93.05,72.08297438091134
4,2003-11-22 02:46:56,92.88333333333334,73.41810734713356
4,2003-11-22 02:56:56,92.71666666666668,73.21128532054648
4,2003-11-22 03:26:56,92.21666666666668,73.41810734713356
4,2003-11-22 03:46:56,91.88333333333334,72.51193153113013
4,2003-11-22 04:06:56,91.55,73.41810734713356
4,2003-11-22 04:36:56,91.05,72.05565739851092
4,2003-11-22 05:26:56,90.21666666666668,70.5938932184266
4,2003-11-22 06:56:56,88.71666666666667,72.05565739851092
4,2003-11-22 08:06:56,87.55,72.51193153113013
4,2003-11-22 08:36:56,87.05,71.10542086502153
4,2003-11-22 10:56:56,84.71666666666667,71.1767985649079
4,2003-11-22 11:26:56,84.21666666666667,70.49712700397495
4,2003-11-22 13:06:56,82.55,71.96080928947941
4,2003-11-22 13:26:56,82.21666666666667,70.52251551854023
4,2003-11-22 13:46:56,81.88333333333334,60.45448690582486
4,2003-11-22 14:06:56,81.55,57.384074407830425
4,2003-11-22 15:06:56,80.55,63.57886958009373
4,2003-11-22 16:26:56,79.21666666666667,60.45448690582486
4,2003-11-22 16:46:56,78.88333333333334,70.03735751048214
4,2003-11-22 17:06:56,78.55,56.823333175728806
4,2003-11-22 17:26:56,78.21666666666667,61.54621220358448
4,2003-11-22 18:16:56,77.38333333333334,61.12255577570761
4,2003-11-22 23:14:58,72.4161111111111,52.20923495008044
4,2003-11-22 23:16:56,72.38333333333334,57.86829718145222
4,2003-11-23 00:06:56,71.55,71.15697763914565
4,2003-11-23 00:56:56,70.71666666666667,54.12750306907432
4,2003-11-23 01:06:56,70.55,64.20064018894931
4,2003-11-23 02:16:56,69.38333333333334,64.18392032023043
4,2003-11-23 03:06:56,68.55,58.34562454168817
4,2003-11-23 03:56:56,67.71666666666667,52.733439435117866
4,2003-11-23 04:56:56,66.71666666666667,58.83035347852287
4,2003-11-23 05:16:56,66.38333333333334,68.50771099138501
4,2003-11-23 06:06:56,65.55,68.50771099138501
4,2003-11-23 06:36:56,65.05,60.002659865454994
4,2003-11-23 06:56:56,64.71666666666667,63.57886958009373
4,2003-11-23 07:56:56,63.71666666666667,60.45448690582486
4,2003-11-23 08:06:56,63.55,60.45448690582486
4,2003-11-23 10:36:56,61.05,68.23178196637033
4,2003-11-23 11:46:56,59.88333333333333,55.633722103416815
4,2003-11-23 12:26:56,59.21666666666667,51.6371915669137
4,2003-11-23 12:46:56,58.88333333333333,63.018128347992096
4,2003-11-23 13:06:56,58.55,62.43639981124538
4,2003-11-23 13:36:56,58.05,55.78665526939405
4,2003-11-23 14:46:56,56.88333333333333,60.387302181214686
4,2003-11-23 14:56:56,56.71666666666667,50.25097191862588
4,2003-11-23 15:56:56,55.71666666666667,47.96670822397677
4,2003-11-23 20:01:24,51.64222222222222,54.36704494773302
4,2003-11-23 20:11:24,51.47555555555556,36.7413726063849
4,2003-11-24 00:51:24,46.80888888888889,62.50187182813052
4,2003-11-24 01:41:24,45.97555555555556,52.78450633000934
4,2003-11-24 03:11:24,44.47555555555556,66.87640340170124
4,2003-11-24 03:31:24,44.14222222222222,55.6428229979432
4,2003-11-24 03:51:24,43.80888888888889,69.15432460507743
4,2003-11-24 06:21:24,41.30888888888889,52.579122281411834
4,2003-11-24 06:31:24,41.14222222222222,44.41894027535778
4,2003-11-24 06:51:24,40.80888888888889,50.232202223716065
4,2003-11-24 08:31:24,39.14222222222222,43.48519029923976
4,2003-11-24 08:51:24,38.80888888888889,51.94326619442429
4,2003-11-24 09:11:24,38.47555555555556,50.21838709483497
4,2003-11-24 10:51:24,36.80888888888889,35.560551633746115
4,2003-11-24 12:53:55,34.76694444444445,43.268791594271036
4,2003-11-24 13:37:32,34.04,41.47288692560661
4,2003-11-24 13:57:32,33.70666666666666,43.78235723369141
4,2003-11-24 14:17:32,33.373333333333335,12.915750401131776
4,2003-11-24 15:57:32,31.706666666666667,34.78291177767051
4,2003-11-24 16:07:32,31.54,41.026483897433
4,2003-11-24 16:37:32,31.04,56.70389471955295
4,2003-11-24 17:47:32,29.87333333333333,33.77902634696228
4,2003-11-24 18:07:32,29.54,35.3289615769133
4,2003-11-24 19:07:32,28.54,52.302866249444456
4,2003-11-24 19:37:32,28.04,50.91756798690887
4,2003-11-24 19:57:32,27.706666666666667,29.782305227315373
4,2003-11-24 20:07:32,27.54,37.710038557575196
4,2003-11-24 21:27:32,26.206666666666667,43.05956828077671
4,2003-11-24 22:57:32,24.706666666666667,46.30901694560296
4,2003-11-24 23:17:32,24.37333333333333,32.06128587189739
4,2003-11-25 10:47:32,12.873333333333331,41.66221564215761
4,2003-11-25 11:17:32,12.373333333333331,22.84396780818337
4,2003-11-25 11:47:32,11.873333333333331,21.09387139065915
4,2003-11-25 12:27:32,11.206666666666669,15.803515911242695
4,2003-11-25 13:17:32,10.373333333333331,17.45419211090831
4,2003-11-25 23:39:56,0.0,-5.361605869845426
